path_line,kind,value_s,unit,value_expr,in_while,in_async_fn,surface,surface_rule,call,config_suggestion
deeptutor/agents/loop/agent_loop.py:1241,sleep-fixed,15,s,15.0,True,True,request,rule:default->request,await asyncio.sleep(15.0),"move to config/env (e.g. <MODULE>_<PURPOSE>_INTERVAL_S), keep current value as default; for poll loops add an upper bound on total wait"
deeptutor/agents/loop/agent_loop.py:1460,sleep-fixed,,s,"_PROVIDER_RETRY_DELAYS[attempt] -> tuple(0.5, 1.5)",False,True,request,rule:default->request,await asyncio.sleep(_PROVIDER_RETRY_DELAYS[attempt]),"move to config/env (e.g. <MODULE>_<PURPOSE>_INTERVAL_S), keep current value as default; for poll loops add an upper bound on total wait"
deeptutor/agents/math_animator/agents/code_generator_agent.py:232,sleep-fixed,,s,"min(0.25 * 2 ** structured_attempt, 2.0)",False,True,request,rule:default->request,"await asyncio.sleep(min(0.25 * (2**structured_attempt), 2.0))","move to config/env (e.g. <MODULE>_<PURPOSE>_INTERVAL_S), keep current value as default; for poll loops add an upper bound on total wait"
deeptutor/agents/math_animator/retry_manager.py:70,timeout-wait,120,s,self.review_timeout_seconds,False,True,request,rule:default->request,review_result = await asyncio.wait_for(,expose as parameter (default = current value); prefer cancellation/notification over fixed waits for long tasks
deeptutor/agents/math_animator/retry_manager.py:111,timeout-wait,180,s,self.repair_timeout_seconds,False,True,request,rule:default->request,repaired = await asyncio.wait_for(,expose as parameter (default = current value); prefer cancellation/notification over fixed waits for long tasks
deeptutor/agents/math_animator/retry_manager.py:144,timeout-wait,180,s,self.repair_timeout_seconds,False,True,request,rule:default->request,repaired = await asyncio.wait_for(,expose as parameter (default = current value); prefer cancellation/notification over fixed waits for long tasks
deeptutor/api/routers/knowledge.py:4625,timeout-wait,1,s,1.0,True,True,request,rule:api->request,"await asyncio.wait_for(websocket.receive_text(), timeout=1.0)",expose as parameter (default = current value); prefer cancellation/notification over fixed waits for long tasks
deeptutor/api/routers/knowledge.py:4644,sleep-fixed,3,s,3,True,True,request,rule:api->request,await asyncio.sleep(3),"move to config/env (e.g. <MODULE>_<PURPOSE>_INTERVAL_S), keep current value as default; for poll loops add an upper bound on total wait"
deeptutor/api/routers/partners.py:179,sleep-fixed,0.05,s,0.05,True,True,request,rule:api->request,await asyncio.sleep(0.05),"move to config/env (e.g. <MODULE>_<PURPOSE>_INTERVAL_S), keep current value as default; for poll loops add an upper bound on total wait"
deeptutor/api/routers/partners.py:1734,timeout-wait,0.15,s,0.15,True,True,request,rule:api->request,"item = await asyncio.wait_for(queue.get(), timeout=0.15)",expose as parameter (default = current value); prefer cancellation/notification over fixed waits for long tasks
deeptutor/api/routers/question.py:517,sleep-fixed,0.1,s,0.1,False,True,request,rule:api->request,await asyncio.sleep(0.1),"move to config/env (e.g. <MODULE>_<PURPOSE>_INTERVAL_S), keep current value as default; for poll loops add an upper bound on total wait"
deeptutor/api/routers/question.py:519,sleep-fixed,0.05,s,0.05,True,True,request,rule:api->request,await asyncio.sleep(0.05),"move to config/env (e.g. <MODULE>_<PURPOSE>_INTERVAL_S), keep current value as default; for poll loops add an upper bound on total wait"
deeptutor/api/routers/settings.py:2335,sleep-fixed,0.35,s,0.35,True,True,request,rule:api->request,await asyncio.sleep(0.35),"move to config/env (e.g. <MODULE>_<PURPOSE>_INTERVAL_S), keep current value as default; for poll loops add an upper bound on total wait"
deeptutor/api/routers/space_mcp.py:110,timeout-wait,5,s,_STATUS_WARM_TIMEOUT_S,False,True,request,rule:api->request,"await asyncio.wait_for(warm, timeout=_STATUS_WARM_TIMEOUT_S)",expose as parameter (default = current value); prefer cancellation/notification over fixed waits for long tasks
deeptutor/api/routers/task_board.py:47,sleep-fixed,0.5,s,0.5,True,True,request,rule:api->request,await asyncio.sleep(0.5),"move to config/env (e.g. <MODULE>_<PURPOSE>_INTERVAL_S), keep current value as default; for poll loops add an upper bound on total wait"
deeptutor/api/routers/video_learning.py:465,timeout-net,15,s,15.0,False,True,request,rule:api->request,"async with httpx.AsyncClient(timeout=15.0, follow_redirects=False) as client:",expose as client/config parameter with layered budgets (connect < read < total); align with caller timeout budget
deeptutor/api/routers/video_learning.py:494,timeout-net,30,s,STREAM_TIMEOUT_SECONDS,False,True,request,rule:api->request,"client = httpx.AsyncClient(timeout=STREAM_TIMEOUT_SECONDS, follow_redirects=False)",expose as client/config parameter with layered budgets (connect < read < total); align with caller timeout budget
deeptutor/api/utils/task_log_stream.py:262,timeout-wait,15,s,self._HEARTBEAT_SECONDS,True,True,request,rule:api->request,"item = await asyncio.wait_for(queue.get(), timeout=self._HEARTBEAT_SECONDS)",expose as parameter (default = current value); prefer cancellation/notification over fixed waits for long tasks
deeptutor/app/service.py:240,sleep-fixed,0.1,s,0.1,True,True,request,rule:app->request,await asyncio.sleep(0.1),"move to config/env (e.g. <MODULE>_<PURPOSE>_INTERVAL_S), keep current value as default; for poll loops add an upper bound on total wait"
deeptutor/app/service.py:269,sleep-fixed,0.1,s,0.1,True,True,request,rule:app->request,await asyncio.sleep(0.1),"move to config/env (e.g. <MODULE>_<PURPOSE>_INTERVAL_S), keep current value as default; for poll loops add an upper bound on total wait"
deeptutor/app/service.py:345,sleep-fixed,0.05,s,self._CANCEL_WAIT_INTERVAL_SECONDS,True,True,request,rule:app->request,await asyncio.sleep(self._CANCEL_WAIT_INTERVAL_SECONDS),"move to config/env (e.g. <MODULE>_<PURPOSE>_INTERVAL_S), keep current value as default; for poll loops add an upper bound on total wait"
deeptutor/app/service.py:350,sleep-fixed,0.05,s,self._CANCEL_WAIT_INTERVAL_SECONDS,False,True,request,rule:app->request,await asyncio.sleep(self._CANCEL_WAIT_INTERVAL_SECONDS),"move to config/env (e.g. <MODULE>_<PURPOSE>_INTERVAL_S), keep current value as default; for poll loops add an upper bound on total wait"
deeptutor/book/compiler.py:345,sleep-fixed,,s,delay,False,True,request,rule:default->request,await asyncio.sleep(delay),"move to config/env (e.g. <MODULE>_<PURPOSE>_INTERVAL_S), keep current value as default; for poll loops add an upper bound on total wait"
deeptutor/book/engine.py:1448,timeout-wait,2,s,2.0,True,True,request,rule:default->request,"page_id = await asyncio.wait_for(runtime.queue.get(), timeout=2.0)",expose as parameter (default = current value); prefer cancellation/notification over fixed waits for long tasks
deeptutor/capabilities/mastery/tools.py:401,timeout-wait,5,s,5.0,False,True,request,rule:default->request,"await asyncio.wait_for(record_assessment(record), timeout=5.0)",expose as parameter (default = current value); prefer cancellation/notification over fixed waits for long tasks
deeptutor/capabilities/mastery/tools.py:451,timeout-wait,5,s,5.0,False,True,request,rule:default->request,"await asyncio.wait_for(record_assessment(record), timeout=5.0)",expose as parameter (default = current value); prefer cancellation/notification over fixed waits for long tasks
deeptutor/capabilities/setup/jobs.py:254,sleep-fixed,1,s,_POLL_INTERVAL_SECONDS,True,True,request,rule:default->request,await asyncio.sleep(_POLL_INTERVAL_SECONDS),"move to config/env (e.g. <MODULE>_<PURPOSE>_INTERVAL_S), keep current value as default; for poll loops add an upper bound on total wait"
deeptutor/events/event_bus.py:112,timeout-wait,1,s,1.0,True,True,background,rule:events->background,"event = await asyncio.wait_for(self._task_queue.get(), timeout=1.0)",expose as parameter (default = current value); prefer cancellation/notification over fixed waits for long tasks
deeptutor/events/event_bus.py:172,timeout-wait,10,s,10.0,False,True,background,rule:events->background,"await asyncio.wait_for(self._task_queue.join(), timeout=10.0)",expose as parameter (default = current value); prefer cancellation/notification over fixed waits for long tasks
deeptutor/learning/migration.py:62,timeout-lock,30,s,30.0,False,False,request,rule:default->request,"conn = sqlite3.connect(path, timeout=30.0)",unify sqlite connect/busy_timeout values into one shared constant/config instead of per-module literals
deeptutor/learning/migration.py:64,timeout-lock,30000,ms,PRAGMA busy_timeout = 30000,False,False,request,rule:default->request,"conn.execute(""PRAGMA busy_timeout = 30000"")",unify sqlite connect/busy_timeout values into one shared constant/config instead of per-module literals
deeptutor/learning/storage.py:656,timeout-lock,30,s,30.0,False,False,request,rule:default->request,"conn = sqlite3.connect(self.db_path, timeout=30.0, isolation_level=None)",unify sqlite connect/busy_timeout values into one shared constant/config instead of per-module literals
deeptutor/learning/storage.py:659,timeout-lock,30000,ms,PRAGMA busy_timeout = 30000,False,False,request,rule:default->request,"conn.execute(""PRAGMA busy_timeout = 30000"")",unify sqlite connect/busy_timeout values into one shared constant/config instead of per-module literals
deeptutor/learning/topic_generation.py:166,timeout-net,60,s,60.0,False,True,request,rule:default->request,text = await extract_text_from_path_isolated(,expose as client/config parameter with layered budgets (connect < read < total); align with caller timeout budget
deeptutor/learning/topic_naming.py:147,timeout-wait,8,s,_TIMEOUT_SECONDS,False,True,request,rule:default->request,raw = await asyncio.wait_for(,expose as parameter (default = current value); prefer cancellation/notification over fixed waits for long tasks
deeptutor/multi_user/session_handoff.py:193,timeout-lock,10,s,10,False,False,request,rule:default->request,"connection = sqlite3.connect(self.db_path, timeout=10, isolation_level=None)",unify sqlite connect/busy_timeout values into one shared constant/config instead of per-module literals
deeptutor/multi_user/session_handoff.py:197,timeout-lock,10000,ms,PRAGMA busy_timeout=10000,False,False,request,rule:default->request,"connection.execute(""PRAGMA busy_timeout=10000"")",unify sqlite connect/busy_timeout values into one shared constant/config instead of per-module literals
deeptutor/partners/channels/dingtalk.py:203,sleep-fixed,5,s,5,True,True,background,rule:partners->background,await asyncio.sleep(5),"move to config/env (e.g. <MODULE>_<PURPOSE>_INTERVAL_S), keep current value as default; for poll loops add an upper bound on total wait"
deeptutor/partners/channels/discord.py:85,timeout-net,30,s,30.0,False,True,background,rule:partners->background,self._http = httpx.AsyncClient(timeout=30.0),expose as client/config parameter with layered budgets (connect < read < total); align with caller timeout budget
deeptutor/partners/channels/discord.py:104,sleep-fixed,5,s,5,True,True,background,rule:partners->background,await asyncio.sleep(5),"move to config/env (e.g. <MODULE>_<PURPOSE>_INTERVAL_S), keep current value as default; for poll loops add an upper bound on total wait"
deeptutor/partners/channels/discord.py:180,sleep-fixed,,s,retry_after,False,True,background,rule:partners->background,await asyncio.sleep(retry_after),"move to config/env (e.g. <MODULE>_<PURPOSE>_INTERVAL_S), keep current value as default; for poll loops add an upper bound on total wait"
deeptutor/partners/channels/discord.py:270,sleep-fixed,,s,retry_after,False,True,background,rule:partners->background,await asyncio.sleep(retry_after),"move to config/env (e.g. <MODULE>_<PURPOSE>_INTERVAL_S), keep current value as default; for poll loops add an upper bound on total wait"
deeptutor/partners/channels/discord.py:278,sleep-fixed,1,s,1,False,True,background,rule:partners->background,await asyncio.sleep(1),"move to config/env (e.g. <MODULE>_<PURPOSE>_INTERVAL_S), keep current value as default; for poll loops add an upper bound on total wait"
deeptutor/partners/channels/discord.py:315,sleep-fixed,,s,retry_after,False,True,background,rule:partners->background,await asyncio.sleep(retry_after),"move to config/env (e.g. <MODULE>_<PURPOSE>_INTERVAL_S), keep current value as default; for poll loops add an upper bound on total wait"
deeptutor/partners/channels/discord.py:324,sleep-fixed,1,s,1,False,True,background,rule:partners->background,await asyncio.sleep(1),"move to config/env (e.g. <MODULE>_<PURPOSE>_INTERVAL_S), keep current value as default; for poll loops add an upper bound on total wait"
deeptutor/partners/channels/discord.py:402,sleep-fixed,,s,interval_s,True,True,background,rule:partners->background,await asyncio.sleep(interval_s),"move to config/env (e.g. <MODULE>_<PURPOSE>_INTERVAL_S), keep current value as default; for poll loops add an upper bound on total wait"
deeptutor/partners/channels/discord.py:509,sleep-fixed,8,s,8,True,True,background,rule:partners->background,await asyncio.sleep(8),"move to config/env (e.g. <MODULE>_<PURPOSE>_INTERVAL_S), keep current value as default; for poll loops add an upper bound on total wait"
deeptutor/partners/channels/email.py:152,sleep-fixed,,s,poll_seconds,True,True,background,rule:partners->background,await asyncio.sleep(poll_seconds),"move to config/env (e.g. <MODULE>_<PURPOSE>_INTERVAL_S), keep current value as default; for poll loops add an upper bound on total wait"
deeptutor/partners/channels/email.py:231,timeout-net,30,s,timeout,False,False,background,rule:partners->background,with smtplib.SMTP_SSL(,expose as client/config parameter with layered budgets (connect < read < total); align with caller timeout budget
deeptutor/partners/channels/email.py:240,timeout-net,30,s,timeout,False,False,background,rule:partners->background,"with smtplib.SMTP(self.config.smtp_host, self.config.smtp_port, timeout=timeout) as smtp:",expose as client/config parameter with layered budgets (connect < read < total); align with caller timeout budget
deeptutor/partners/channels/feishu.py:598,sleep-fixed,5,s,5,True,False,background,rule:partners->background,time.sleep(5),"move to config/env (e.g. <MODULE>_<PURPOSE>_INTERVAL_S), keep current value as default; for poll loops add an upper bound on total wait"
deeptutor/partners/channels/feishu.py:619,sleep-fixed,1,s,1,True,True,background,rule:partners->background,await asyncio.sleep(1),"move to config/env (e.g. <MODULE>_<PURPOSE>_INTERVAL_S), keep current value as default; for poll loops add an upper bound on total wait"
deeptutor/partners/channels/feishu.py:789,sleep-fixed,3600,s,self._WORKING_REACTION_TTL,False,True,background,rule:partners->background,await asyncio.sleep(self._WORKING_REACTION_TTL),"move to config/env (e.g. <MODULE>_<PURPOSE>_INTERVAL_S), keep current value as default; for poll loops add an upper bound on total wait"
deeptutor/partners/channels/feishu.py:807,sleep-fixed,,s,delay,False,True,background,rule:partners->background,await asyncio.sleep(delay),"move to config/env (e.g. <MODULE>_<PURPOSE>_INTERVAL_S), keep current value as default; for poll loops add an upper bound on total wait"
deeptutor/partners/channels/feishu.py:825,sleep-fixed,,s,delay,False,True,background,rule:partners->background,await asyncio.sleep(delay),"move to config/env (e.g. <MODULE>_<PURPOSE>_INTERVAL_S), keep current value as default; for poll loops add an upper bound on total wait"
deeptutor/partners/channels/manager.py:188,sleep-fixed,,s,delay,False,True,background,rule:partners->background,await asyncio.sleep(delay),"move to config/env (e.g. <MODULE>_<PURPOSE>_INTERVAL_S), keep current value as default; for poll loops add an upper bound on total wait"
deeptutor/partners/channels/manager.py:310,sleep-yield,0,s,0,False,True,background,rule:partners->background,await asyncio.sleep(0),"keep (cooperative yield, not a real delay); optionally replace with asyncio.sleep(0) idiom constant"
deeptutor/partners/channels/manager.py:422,timeout-wait,1,s,1.0,True,True,background,rule:partners->background,"msg = await asyncio.wait_for(self.bus.consume_outbound(), timeout=1.0)",expose as parameter (default = current value); prefer cancellation/notification over fixed waits for long tasks
deeptutor/partners/channels/matrix.py:524,timeout-net,30000,s,TYPING_NOTICE_TIMEOUT_MS,False,True,background,rule:partners->background,response = await self.client.room_typing(,expose as client/config parameter with layered budgets (connect < read < total); align with caller timeout budget
deeptutor/partners/channels/matrix.py:542,sleep-fixed,20,s,TYPING_KEEPALIVE_INTERVAL_MS / 1000,True,True,background,rule:partners->background,await asyncio.sleep(TYPING_KEEPALIVE_INTERVAL_MS / 1000),"move to config/env (e.g. <MODULE>_<PURPOSE>_INTERVAL_S), keep current value as default; for poll loops add an upper bound on total wait"
deeptutor/partners/channels/matrix.py:562,timeout-net,30000,ms,30000,True,True,background,rule:partners->background,"await self.client.sync_forever(timeout=30000, full_state=True)",expose as client/config parameter with layered budgets (connect < read < total); align with caller timeout budget
deeptutor/partners/channels/matrix.py:566,sleep-fixed,2,s,2,True,True,background,rule:partners->background,await asyncio.sleep(2),"move to config/env (e.g. <MODULE>_<PURPOSE>_INTERVAL_S), keep current value as default; for poll loops add an upper bound on total wait"
deeptutor/partners/channels/mattermost.py:129,timeout-net,30,s,30.0,False,True,background,rule:partners->background,self._http = httpx.AsyncClient(,expose as client/config parameter with layered budgets (connect < read < total); align with caller timeout budget
deeptutor/partners/channels/mattermost.py:145,sleep-fixed,5,s,WS_RECONNECT_DELAY_S,True,True,background,rule:partners->background,await asyncio.sleep(WS_RECONNECT_DELAY_S),"move to config/env (e.g. <MODULE>_<PURPOSE>_INTERVAL_S), keep current value as default; for poll loops add an upper bound on total wait"
deeptutor/partners/channels/mattermost.py:168,sleep-fixed,5,s,WS_RECONNECT_DELAY_S,True,True,background,rule:partners->background,await asyncio.sleep(WS_RECONNECT_DELAY_S),"move to config/env (e.g. <MODULE>_<PURPOSE>_INTERVAL_S), keep current value as default; for poll loops add an upper bound on total wait"
deeptutor/partners/channels/mochat.py:333,timeout-net,30,s,30.0,False,True,background,rule:partners->background,self._http = httpx.AsyncClient(timeout=30.0),expose as client/config parameter with layered budgets (connect < read < total); align with caller timeout budget
deeptutor/partners/channels/mochat.py:345,sleep-fixed,1,s,1,True,True,background,rule:partners->background,await asyncio.sleep(1),"move to config/env (e.g. <MODULE>_<PURPOSE>_INTERVAL_S), keep current value as default; for poll loops add an upper bound on total wait"
deeptutor/partners/channels/mochat.py:581,timeout-net,10,s,10,False,True,background,rule:partners->background,"raw = await self._socket.call(event_name, payload, timeout=10)",expose as client/config parameter with layered budgets (connect < read < total); align with caller timeout budget
deeptutor/partners/channels/mochat.py:591,sleep-fixed,,s,interval_s,True,True,background,rule:partners->background,await asyncio.sleep(interval_s),"move to config/env (e.g. <MODULE>_<PURPOSE>_INTERVAL_S), keep current value as default; for poll loops add an upper bound on total wait"
deeptutor/partners/channels/mochat.py:713,sleep-fixed,,s,"max(0.1, self.config.retry_delay_ms / 1000.0)",True,True,background,rule:partners->background,"await asyncio.sleep(max(0.1, self.config.retry_delay_ms / 1000.0))","move to config/env (e.g. <MODULE>_<PURPOSE>_INTERVAL_S), keep current value as default; for poll loops add an upper bound on total wait"
deeptutor/partners/channels/mochat.py:746,sleep-fixed,,s,sleep_s,True,True,background,rule:partners->background,await asyncio.sleep(sleep_s),"move to config/env (e.g. <MODULE>_<PURPOSE>_INTERVAL_S), keep current value as default; for poll loops add an upper bound on total wait"
deeptutor/partners/channels/mochat.py:866,sleep-fixed,,s,"max(0, self.config.reply_delay_ms) / 1000.0",False,True,background,rule:partners->background,"await asyncio.sleep(max(0, self.config.reply_delay_ms) / 1000.0)","move to config/env (e.g. <MODULE>_<PURPOSE>_INTERVAL_S), keep current value as default; for poll loops add an upper bound on total wait"
deeptutor/partners/channels/mochat.py:989,sleep-fixed,0.5,s,CURSOR_SAVE_DEBOUNCE_S,False,True,background,rule:partners->background,await asyncio.sleep(CURSOR_SAVE_DEBOUNCE_S),"move to config/env (e.g. <MODULE>_<PURPOSE>_INTERVAL_S), keep current value as default; for poll loops add an upper bound on total wait"
deeptutor/partners/channels/msteams.py:174,timeout-net,30,s,30.0,False,True,background,rule:partners->background,self._http = httpx.AsyncClient(timeout=30.0),expose as client/config parameter with layered budgets (connect < read < total); align with caller timeout budget
deeptutor/partners/channels/msteams.py:203,timeout-wait,15,s,15,False,False,background,rule:partners->background,fut.result(timeout=15),expose as parameter (default = current value); prefer cancellation/notification over fixed waits for long tasks
deeptutor/partners/channels/msteams.py:216,timeout-wait,15,s,15,False,False,background,rule:partners->background,fut.result(timeout=15),expose as parameter (default = current value); prefer cancellation/notification over fixed waits for long tasks
deeptutor/partners/channels/msteams.py:245,sleep-fixed,1,s,1,True,True,background,rule:partners->background,await asyncio.sleep(1),"move to config/env (e.g. <MODULE>_<PURPOSE>_INTERVAL_S), keep current value as default; for poll loops add an upper bound on total wait"
deeptutor/partners/channels/msteams.py:255,timeout-wait,2,s,2,False,True,background,rule:partners->background,self._server_thread.join(timeout=2),expose as parameter (default = current value); prefer cancellation/notification over fixed waits for long tasks
deeptutor/partners/channels/napcat.py:34,timeout-net,60,s,total=60.0,False,False,background,rule:partners->background,_DOWNLOAD_TIMEOUT = aiohttp.ClientTimeout(total=60),expose as client/config parameter with layered budgets (connect < read < total); align with caller timeout budget
deeptutor/partners/channels/napcat.py:117,sleep-fixed,,s,"next(backoff, 30)",True,True,background,rule:partners->background,"await asyncio.sleep(next(backoff, 30))","move to config/env (e.g. <MODULE>_<PURPOSE>_INTERVAL_S), keep current value as default; for poll loops add an upper bound on total wait"
deeptutor/partners/channels/qq.py:126,sleep-fixed,5,s,5,True,True,background,rule:partners->background,await asyncio.sleep(5),"move to config/env (e.g. <MODULE>_<PURPOSE>_INTERVAL_S), keep current value as default; for poll loops add an upper bound on total wait"
deeptutor/partners/channels/slack.py:110,timeout-wait,30,s,SLACK_SOCKET_CONNECT_TIMEOUT_S,False,True,background,rule:partners->background,await asyncio.wait_for(,expose as parameter (default = current value); prefer cancellation/notification over fixed waits for long tasks
deeptutor/partners/channels/slack.py:129,sleep-fixed,1,s,1,True,True,background,rule:partners->background,await asyncio.sleep(1),"move to config/env (e.g. <MODULE>_<PURPOSE>_INTERVAL_S), keep current value as default; for poll loops add an upper bound on total wait"
deeptutor/partners/channels/telegram.py:421,sleep-fixed,1,s,1,True,True,background,rule:partners->background,await asyncio.sleep(1),"move to config/env (e.g. <MODULE>_<PURPOSE>_INTERVAL_S), keep current value as default; for poll loops add an upper bound on total wait"
deeptutor/partners/channels/telegram.py:574,sleep-fixed,0.04,s,0.04,False,True,background,rule:partners->background,await asyncio.sleep(0.04),"move to config/env (e.g. <MODULE>_<PURPOSE>_INTERVAL_S), keep current value as default; for poll loops add an upper bound on total wait"
deeptutor/partners/channels/telegram.py:580,sleep-fixed,0.15,s,0.15,False,True,background,rule:partners->background,await asyncio.sleep(0.15),"move to config/env (e.g. <MODULE>_<PURPOSE>_INTERVAL_S), keep current value as default; for poll loops add an upper bound on total wait"
deeptutor/partners/channels/telegram.py:607,sleep-fixed,,s,delay,False,True,background,rule:partners->background,await asyncio.sleep(delay),"move to config/env (e.g. <MODULE>_<PURPOSE>_INTERVAL_S), keep current value as default; for poll loops add an upper bound on total wait"
deeptutor/partners/channels/telegram.py:618,sleep-fixed,,s,delay,False,True,background,rule:partners->background,await asyncio.sleep(delay),"move to config/env (e.g. <MODULE>_<PURPOSE>_INTERVAL_S), keep current value as default; for poll loops add an upper bound on total wait"
deeptutor/partners/channels/telegram.py:1080,sleep-fixed,0.6,s,0.6,False,True,background,rule:partners->background,await asyncio.sleep(0.6),"move to config/env (e.g. <MODULE>_<PURPOSE>_INTERVAL_S), keep current value as default; for poll loops add an upper bound on total wait"
deeptutor/partners/channels/telegram.py:1119,sleep-fixed,4,s,4,True,True,background,rule:partners->background,await asyncio.sleep(4),"move to config/env (e.g. <MODULE>_<PURPOSE>_INTERVAL_S), keep current value as default; for poll loops add an upper bound on total wait"
deeptutor/partners/channels/wecom.py:122,sleep-fixed,1,s,1,True,True,background,rule:partners->background,await asyncio.sleep(1),"move to config/env (e.g. <MODULE>_<PURPOSE>_INTERVAL_S), keep current value as default; for poll loops add an upper bound on total wait"
deeptutor/partners/channels/weixin.py:359,timeout-net,,s,self._next_poll_timeout_s + 10; connect=30.0,False,True,background,rule:partners->background,"timeout=httpx.Timeout(self._next_poll_timeout_s + 10, connect=30),",expose as client/config parameter with layered budgets (connect < read < total); align with caller timeout budget
deeptutor/partners/channels/weixin.py:386,sleep-fixed,30,s,BACKOFF_DELAY_S,True,True,background,rule:partners->background,await asyncio.sleep(BACKOFF_DELAY_S),"move to config/env (e.g. <MODULE>_<PURPOSE>_INTERVAL_S), keep current value as default; for poll loops add an upper bound on total wait"
deeptutor/partners/channels/weixin.py:388,sleep-fixed,2,s,RETRY_DELAY_S,True,True,background,rule:partners->background,await asyncio.sleep(RETRY_DELAY_S),"move to config/env (e.g. <MODULE>_<PURPOSE>_INTERVAL_S), keep current value as default; for poll loops add an upper bound on total wait"
deeptutor/partners/channels/weixin.py:432,sleep-fixed,,s,remaining,False,True,background,rule:partners->background,await asyncio.sleep(remaining),"move to config/env (e.g. <MODULE>_<PURPOSE>_INTERVAL_S), keep current value as default; for poll loops add an upper bound on total wait"
deeptutor/partners/channels/weixin.py:442,timeout-net,,s,self._next_poll_timeout_s + 10; connect=30.0,False,True,background,rule:partners->background,"self._client.timeout = httpx.Timeout(self._next_poll_timeout_s + 10, connect=30)",expose as client/config parameter with layered budgets (connect < read < total); align with caller timeout budget
deeptutor/partners/channels/weixin.py:935,sleep-fixed,5,s,TYPING_KEEPALIVE_INTERVAL_S,True,True,background,rule:partners->background,await asyncio.sleep(TYPING_KEEPALIVE_INTERVAL_S),"move to config/env (e.g. <MODULE>_<PURPOSE>_INTERVAL_S), keep current value as default; for poll loops add an upper bound on total wait"
deeptutor/partners/channels/weixin.py:1109,sleep-fixed,5,s,TYPING_KEEPALIVE_INTERVAL_S,True,True,background,rule:partners->background,await asyncio.sleep(TYPING_KEEPALIVE_INTERVAL_S),"move to config/env (e.g. <MODULE>_<PURPOSE>_INTERVAL_S), keep current value as default; for poll loops add an upper bound on total wait"
deeptutor/partners/channels/whatsapp.py:94,sleep-fixed,5,s,5,True,True,background,rule:partners->background,await asyncio.sleep(5),"move to config/env (e.g. <MODULE>_<PURPOSE>_INTERVAL_S), keep current value as default; for poll loops add an upper bound on total wait"
deeptutor/partners/channels/zulip.py:162,sleep-fixed,1,s,1,True,True,background,rule:partners->background,await asyncio.sleep(1),"move to config/env (e.g. <MODULE>_<PURPOSE>_INTERVAL_S), keep current value as default; for poll loops add an upper bound on total wait"
deeptutor/partners/channels/zulip.py:180,timeout-wait,5,s,5,False,True,background,rule:partners->background,self._listener_thread.join(timeout=5),expose as parameter (default = current value); prefer cancellation/notification over fixed waits for long tasks
deeptutor/partners/channels/zulip.py:229,sleep-fixed,,s,delay,False,False,background,rule:partners->background,time.sleep(delay),"move to config/env (e.g. <MODULE>_<PURPOSE>_INTERVAL_S), keep current value as default; for poll loops add an upper bound on total wait"
deeptutor/partners/channels/zulip.py:240,sleep-fixed,10,s,10,True,False,background,rule:partners->background,time.sleep(10),"move to config/env (e.g. <MODULE>_<PURPOSE>_INTERVAL_S), keep current value as default; for poll loops add an upper bound on total wait"
deeptutor/partners/channels/zulip.py:251,sleep-fixed,2,s,2,True,False,background,rule:partners->background,time.sleep(2),"move to config/env (e.g. <MODULE>_<PURPOSE>_INTERVAL_S), keep current value as default; for poll loops add an upper bound on total wait"
deeptutor/partners/channels/zulip.py:256,sleep-fixed,2,s,2,True,False,background,rule:partners->background,time.sleep(2),"move to config/env (e.g. <MODULE>_<PURPOSE>_INTERVAL_S), keep current value as default; for poll loops add an upper bound on total wait"
deeptutor/partners/channels/zulip.py:269,sleep-fixed,2,s,2,True,False,background,rule:partners->background,time.sleep(2),"move to config/env (e.g. <MODULE>_<PURPOSE>_INTERVAL_S), keep current value as default; for poll loops add an upper bound on total wait"
deeptutor/partners/channels/zulip.py:281,sleep-fixed,5,s,5,True,False,background,rule:partners->background,time.sleep(5),"move to config/env (e.g. <MODULE>_<PURPOSE>_INTERVAL_S), keep current value as default; for poll loops add an upper bound on total wait"
deeptutor/partners/channels/zulip.py:846,sleep-fixed,4,s,4,True,True,background,rule:partners->background,await asyncio.sleep(4),"move to config/env (e.g. <MODULE>_<PURPOSE>_INTERVAL_S), keep current value as default; for poll loops add an upper bound on total wait"
deeptutor/partners/transcription.py:51,timeout-net,60,s,60.0,False,True,background,rule:partners->background,response = await client.post(,expose as client/config parameter with layered budgets (connect < read < total); align with caller timeout budget
deeptutor/plugins/runtime.py:670,timeout-wait,1,s,1,False,False,worker,rule:plugins->worker,thread.join(timeout=1),expose as parameter (default = current value); prefer cancellation/notification over fixed waits for long tasks
deeptutor/reading/catalog_store.py:68,timeout-lock,30,s,30,False,False,request,rule:default->request,"conn = sqlite3.connect(self.db_path, timeout=30)",unify sqlite connect/busy_timeout values into one shared constant/config instead of per-module literals
deeptutor/reading/ingestion.py:839,timeout-net,10,s,10,False,True,worker,rule:reading/ingestion->worker,async with httpx.AsyncClient(,expose as client/config parameter with layered budgets (connect < read < total); align with caller timeout budget
deeptutor/reading/store.py:208,timeout-lock,30,s,30,False,False,request,rule:default->request,"with sqlite3.connect(db_path, timeout=30) as conn:",unify sqlite connect/busy_timeout values into one shared constant/config instead of per-module literals
deeptutor/runtime/agentic/labeled_step.py:511,timeout-wait,8,s,timeout,True,True,background,rule:runtime->background,"chunk = await asyncio.wait_for(stream_iter.__anext__(), timeout=timeout)",expose as parameter (default = current value); prefer cancellation/notification over fixed waits for long tasks
deeptutor/runtime/background_leader.py:79,sleep-fixed,1,s,self.election_interval_seconds,True,True,background,rule:runtime->background,await asyncio.sleep(self.election_interval_seconds),"move to config/env (e.g. <MODULE>_<PURPOSE>_INTERVAL_S), keep current value as default; for poll loops add an upper bound on total wait"
deeptutor/runtime/background_leader.py:111,sleep-fixed,1,s,self.election_interval_seconds,True,True,background,rule:runtime->background,await asyncio.sleep(self.election_interval_seconds),"move to config/env (e.g. <MODULE>_<PURPOSE>_INTERVAL_S), keep current value as default; for poll loops add an upper bound on total wait"
deeptutor/runtime/background_leader.py:141,sleep-fixed,10,s,self.renew_interval_seconds,True,True,background,rule:runtime->background,await asyncio.sleep(self.renew_interval_seconds),"move to config/env (e.g. <MODULE>_<PURPOSE>_INTERVAL_S), keep current value as default; for poll loops add an upper bound on total wait"
deeptutor/runtime/isolated_worker.py:154,timeout-wait,1,s,1.0,False,True,background,rule:runtime->background,"await asyncio.wait_for(process.wait(), timeout=1.0)",expose as parameter (default = current value); prefer cancellation/notification over fixed waits for long tasks
deeptutor/runtime/isolated_worker.py:180,sleep-fixed,0.02,s,0.02,True,True,background,rule:runtime->background,await asyncio.sleep(0.02),"move to config/env (e.g. <MODULE>_<PURPOSE>_INTERVAL_S), keep current value as default; for poll loops add an upper bound on total wait"
deeptutor/runtime/launcher.py:346,timeout-net,0.25,s,0.25,False,False,cli,rule:runtime/launcher->cli,"with socket.create_connection((host, port), timeout=0.25):",expose as client/config parameter with layered budgets (connect < read < total); align with caller timeout budget
deeptutor/runtime/launcher.py:540,sleep-fixed,0.2,s,0.2,True,False,cli,rule:runtime/launcher->cli,time.sleep(0.2),"move to config/env (e.g. <MODULE>_<PURPOSE>_INTERVAL_S), keep current value as default; for poll loops add an upper bound on total wait"
deeptutor/runtime/launcher.py:549,sleep-fixed,0.2,s,0.2,True,False,cli,rule:runtime/launcher->cli,time.sleep(0.2),"move to config/env (e.g. <MODULE>_<PURPOSE>_INTERVAL_S), keep current value as default; for poll loops add an upper bound on total wait"
deeptutor/runtime/launcher.py:705,timeout-net,1,s,1,True,False,cli,rule:runtime/launcher->cli,"with _LOOPBACK_OPENER.open(url, timeout=1):  # noqa: S310  # nosec B310 - loopback health-check URL constructed by caller",expose as client/config parameter with layered budgets (connect < read < total); align with caller timeout budget
deeptutor/runtime/launcher.py:709,sleep-fixed,0.5,s,0.5,True,False,cli,rule:runtime/launcher->cli,time.sleep(0.5),"move to config/env (e.g. <MODULE>_<PURPOSE>_INTERVAL_S), keep current value as default; for poll loops add an upper bound on total wait"
deeptutor/runtime/launcher.py:1132,sleep-fixed,0.2,s,0.2,True,False,cli,rule:runtime/launcher->cli,time.sleep(0.2),"move to config/env (e.g. <MODULE>_<PURPOSE>_INTERVAL_S), keep current value as default; for poll loops add an upper bound on total wait"
deeptutor/runtime/launcher.py:1139,sleep-fixed,0.5,s,0.5,False,False,cli,rule:runtime/launcher->cli,time.sleep(0.5),"move to config/env (e.g. <MODULE>_<PURPOSE>_INTERVAL_S), keep current value as default; for poll loops add an upper bound on total wait"
deeptutor/runtime/launcher.py:1145,timeout-net,0.5,s,0.5,False,False,cli,rule:runtime/launcher->cli,"return not _http_ready(frontend.url, timeout=0.5)",expose as client/config parameter with layered budgets (connect < read < total); align with caller timeout budget
deeptutor/runtime/launcher.py:1324,sleep-fixed,0.1,s,0.1,True,False,cli,rule:runtime/launcher->cli,time.sleep(0.1),"move to config/env (e.g. <MODULE>_<PURPOSE>_INTERVAL_S), keep current value as default; for poll loops add an upper bound on total wait"
deeptutor/runtime/launcher.py:1465,timeout-net,2,s,FRONTEND_REUSE_PROBE_TIMEOUT,False,False,cli,rule:runtime/launcher->cli,if existing_frontend is not None and not _http_ready(,expose as client/config parameter with layered budgets (connect < read < total); align with caller timeout budget
deeptutor/runtime/launcher.py:1705,sleep-fixed,1,s,1,True,False,cli,rule:runtime/launcher->cli,time.sleep(1),"move to config/env (e.g. <MODULE>_<PURPOSE>_INTERVAL_S), keep current value as default; for poll loops add an upper bound on total wait"
deeptutor/runtime/memory_reclaim.py:57,sleep-yield,0,s,0,False,True,background,rule:runtime->background,await asyncio.sleep(0),"keep (cooperative yield, not a real delay); optionally replace with asyncio.sleep(0) idiom constant"
deeptutor/runtime/providers/view.py:220,timeout-wait,3,s,_OWNER_SCOPE_TIMEOUT_S,False,True,background,rule:runtime->background,await asyncio.wait_for(,expose as parameter (default = current value); prefer cancellation/notification over fixed waits for long tasks
deeptutor/runtime/update_worker.py:63,sleep-fixed,0.05,s,0.05,True,False,background,rule:runtime->background,time.sleep(0.05),"move to config/env (e.g. <MODULE>_<PURPOSE>_INTERVAL_S), keep current value as default; for poll loops add an upper bound on total wait"
deeptutor/services/app_update.py:336,timeout-net,,s,self._timeout; connect=5.0,False,True,background,rule:services/app_update->background,"timeout=httpx.Timeout(self._timeout, connect=5.0),",expose as client/config parameter with layered budgets (connect < read < total); align with caller timeout budget
deeptutor/services/base_sync.py:98,sleep-fixed,,s,self._check_interval_s,True,True,background,rule:services/base_sync->background,await asyncio.sleep(self._check_interval_s),"move to config/env (e.g. <MODULE>_<PURPOSE>_INTERVAL_S), keep current value as default; for poll loops add an upper bound on total wait"
deeptutor/services/chat_hints.py:248,timeout-wait,12,s,_LLM_TIMEOUT,False,True,request,rule:default->request,return await asyncio.wait_for(,expose as parameter (default = current value); prefer cancellation/notification over fixed waits for long tasks
deeptutor/services/cli_apps/provider.py:372,sleep-fixed,,s,delay,False,True,cli,rule:services/cli_apps->cli,await asyncio.sleep(delay),"move to config/env (e.g. <MODULE>_<PURPOSE>_INTERVAL_S), keep current value as default; for poll loops add an upper bound on total wait"
deeptutor/services/codebuddy_auth.py:216,timeout-net,300,s,300.0,False,True,cli,rule:services/codebuddy_auth->cli,return await authenticate(timeout=300.0),expose as client/config parameter with layered budgets (connect < read < total); align with caller timeout budget
deeptutor/services/codebuddy_credentials.py:282,timeout-net,30,s,30.0; connect=20.0,False,True,request,rule:services/codebuddy_credentials->request,"async with httpx.AsyncClient(timeout=httpx.Timeout(30.0, connect=20.0)) as client:",expose as client/config parameter with layered budgets (connect < read < total); align with caller timeout budget
deeptutor/services/codebuddy_credentials.py:329,timeout-net,20,s,20.0; connect=15.0,False,True,request,rule:services/codebuddy_credentials->request,"async with httpx.AsyncClient(timeout=httpx.Timeout(20.0, connect=15.0)) as client:",expose as client/config parameter with layered budgets (connect < read < total); align with caller timeout budget
deeptutor/services/codex_auth/oauth.py:126,timeout-wait,2,s,2,False,True,cli,rule:services/codex_auth->cli,"request = await asyncio.wait_for(reader.readuntil(b""\r\n\r\n""), timeout=2)",expose as parameter (default = current value); prefer cancellation/notification over fixed waits for long tasks
deeptutor/services/codex_auth/service.py:450,timeout-net,30,s,30,False,False,cli,rule:services/codex_auth->cli,self._owned_http = httpx.AsyncClient(timeout=30),expose as client/config parameter with layered budgets (connect < read < total); align with caller timeout budget
deeptutor/services/codex_auth/service.py:679,sleep-yield,0,s,0,False,True,cli,rule:services/codex_auth->cli,await asyncio.sleep(0),"keep (cooperative yield, not a real delay); optionally replace with asyncio.sleep(0) idiom constant"
deeptutor/services/codex_auth/service.py:1287,timeout-net,30,s,30,False,False,cli,rule:services/codex_auth->cli,http = httpx.AsyncClient(timeout=30),expose as client/config parameter with layered budgets (connect < read < total); align with caller timeout budget
deeptutor/services/config/context_window_detection.py:137,timeout-net,12,s,total=12.0,False,True,request,rule:default->request,timeout = aiohttp.ClientTimeout(total=12),expose as client/config parameter with layered budgets (connect < read < total); align with caller timeout budget
deeptutor/services/config/readiness.py:833,timeout-wait,3,s,3.0,False,True,request,rule:default->request,"ok, _ = await asyncio.wait_for(",expose as parameter (default = current value); prefer cancellation/notification over fixed waits for long tasks
deeptutor/services/config/readiness.py:842,timeout-wait,3,s,3.0,False,True,request,rule:default->request,"ok, _ = await asyncio.wait_for(",expose as parameter (default = current value); prefer cancellation/notification over fixed waits for long tasks
deeptutor/services/config/readiness.py:849,timeout-net,2,s,2.0,False,True,request,rule:default->request,"async with httpx.AsyncClient(timeout=2.0, follow_redirects=True) as client:",expose as client/config parameter with layered budgets (connect < read < total); align with caller timeout budget
deeptutor/services/config/readiness.py:865,timeout-wait,1.5,s,1.5,False,True,request,rule:default->request,"return bool(await asyncio.wait_for(coordinator.health(), timeout=1.5))",expose as parameter (default = current value); prefer cancellation/notification over fixed waits for long tasks
deeptutor/services/config/readiness.py:871,timeout-wait,1,s,1.0,False,True,request,rule:default->request,"await asyncio.wait_for(coordinator.close(), timeout=1.0)",expose as parameter (default = current value); prefer cancellation/notification over fixed waits for long tasks
deeptutor/services/config/settings_spec.py:536,timeout-wait,25,s,_PROBE_TIMEOUT_SECONDS,False,True,request,rule:default->request,await asyncio.wait_for(,expose as parameter (default = current value); prefer cancellation/notification over fixed waits for long tasks
deeptutor/services/config/settings_spec.py:606,timeout-wait,25,s,_PROBE_TIMEOUT_SECONDS,False,True,request,rule:default->request,"vectors = await asyncio.wait_for(client.embed([""ping""]), timeout=_PROBE_TIMEOUT_SECONDS)",expose as parameter (default = current value); prefer cancellation/notification over fixed waits for long tasks
deeptutor/services/cron/executor.py:70,timeout-wait,5,s,5,False,True,background,rule:services/cron->background,"_stdout, stderr = await asyncio.wait_for(proc.communicate(), timeout=5)",expose as parameter (default = current value); prefer cancellation/notification over fixed waits for long tasks
deeptutor/services/cron/repository.py:107,timeout-lock,30,s,30,False,False,background,rule:services/cron->background,"connection = sqlite3.connect(self.path, timeout=30, isolation_level=None)",unify sqlite connect/busy_timeout values into one shared constant/config instead of per-module literals
deeptutor/services/cron/repository.py:109,timeout-lock,30000,ms,PRAGMA busy_timeout=30000,False,False,background,rule:services/cron->background,"connection.execute(""PRAGMA busy_timeout=30000"")",unify sqlite connect/busy_timeout values into one shared constant/config instead of per-module literals
deeptutor/services/embedding/adapters/gemini.py:294,timeout-net,,s,"connect=10.0; read=max(self.request_timeout, 60); write=10.0; pool=10.0",False,True,worker,rule:services/embedding->worker,timeout = httpx.Timeout(,expose as client/config parameter with layered budgets (connect < read < total); align with caller timeout budget
deeptutor/services/embedding/adapters/gemini.py:325,sleep-fixed,,s,wait,False,True,worker,rule:services/embedding->worker,await asyncio.sleep(wait),"move to config/env (e.g. <MODULE>_<PURPOSE>_INTERVAL_S), keep current value as default; for poll loops add an upper bound on total wait"
deeptutor/services/embedding/adapters/gemini.py:387,sleep-fixed,,s,wait,False,True,worker,rule:services/embedding->worker,await asyncio.sleep(wait),"move to config/env (e.g. <MODULE>_<PURPOSE>_INTERVAL_S), keep current value as default; for poll loops add an upper bound on total wait"
deeptutor/services/embedding/adapters/openai_compatible.py:224,timeout-net,,s,"connect=10.0; read=max(self.request_timeout, 60); write=10.0; pool=10.0",False,True,worker,rule:services/embedding->worker,timeout = httpx.Timeout(,expose as client/config parameter with layered budgets (connect < read < total); align with caller timeout budget
deeptutor/services/embedding/adapters/openai_compatible.py:255,sleep-fixed,,s,"max(retry_after or 0.0, 60)",False,True,worker,rule:services/embedding->worker,"await asyncio.sleep(max(retry_after or 0.0, 60))","move to config/env (e.g. <MODULE>_<PURPOSE>_INTERVAL_S), keep current value as default; for poll loops add an upper bound on total wait"
deeptutor/services/embedding/adapters/openai_compatible.py:261,sleep-fixed,65,s,65,False,True,worker,rule:services/embedding->worker,await asyncio.sleep(65),"move to config/env (e.g. <MODULE>_<PURPOSE>_INTERVAL_S), keep current value as default; for poll loops add an upper bound on total wait"
deeptutor/services/embedding/adapters/openai_compatible.py:348,sleep-fixed,,s,wait,False,True,worker,rule:services/embedding->worker,await asyncio.sleep(wait),"move to config/env (e.g. <MODULE>_<PURPOSE>_INTERVAL_S), keep current value as default; for poll loops add an upper bound on total wait"
deeptutor/services/embedding/client.py:64,sleep-fixed,0.05,s,0.05,True,True,worker,rule:services/embedding->worker,await asyncio.sleep(0.05),"move to config/env (e.g. <MODULE>_<PURPOSE>_INTERVAL_S), keep current value as default; for poll loops add an upper bound on total wait"
deeptutor/services/embedding/client.py:85,sleep-fixed,,s,remaining,False,True,worker,rule:services/embedding->worker,await asyncio.sleep(remaining),"move to config/env (e.g. <MODULE>_<PURPOSE>_INTERVAL_S), keep current value as default; for poll loops add an upper bound on total wait"
deeptutor/services/file_io.py:66,sleep-fixed,0.2,s,delay,False,False,request,rule:default->request,time.sleep(delay),"move to config/env (e.g. <MODULE>_<PURPOSE>_INTERVAL_S), keep current value as default; for poll loops add an upper bound on total wait"
deeptutor/services/github_copilot_auth.py:65,timeout-net,20,s,20.0; connect=20.0,False,True,cli,rule:services/github_copilot_auth->cli,"timeout = httpx.Timeout(20.0, connect=20.0)",expose as client/config parameter with layered budgets (connect < read < total); align with caller timeout budget
deeptutor/services/github_copilot_auth.py:106,sleep-fixed,,s,current_interval,True,True,cli,rule:services/github_copilot_auth->cli,await asyncio.sleep(current_interval),"move to config/env (e.g. <MODULE>_<PURPOSE>_INTERVAL_S), keep current value as default; for poll loops add an upper bound on total wait"
deeptutor/services/github_copilot_auth.py:170,timeout-net,20,s,20.0; connect=20.0,False,True,cli,rule:services/github_copilot_auth->cli,"timeout=httpx.Timeout(20.0, connect=20.0),",expose as client/config parameter with layered budgets (connect < read < total); align with caller timeout budget
deeptutor/services/github_copilot_auth.py:205,timeout-net,20,s,20.0; connect=20.0,False,True,cli,rule:services/github_copilot_auth->cli,"timeout=httpx.Timeout(20.0, connect=20.0),",expose as client/config parameter with layered budgets (connect < read < total); align with caller timeout budget
deeptutor/services/imagegen/adapters/dashscope.py:129,sleep-fixed,,s,config.poll_interval,True,True,worker,rule:services/imagegen->worker,await asyncio.sleep(config.poll_interval),"move to config/env (e.g. <MODULE>_<PURPOSE>_INTERVAL_S), keep current value as default; for poll loops add an upper bound on total wait"
deeptutor/services/llm/cloud_provider.py:91,timeout-net,30,s,total=30.0,False,True,request,rule:default->request,timeout = aiohttp.ClientTimeout(total=30),expose as client/config parameter with layered budgets (connect < read < total); align with caller timeout budget
deeptutor/services/llm/local_provider.py:47,timeout-net,30,s,total=30.0,False,True,request,rule:default->request,timeout = aiohttp.ClientTimeout(total=30),expose as client/config parameter with layered budgets (connect < read < total); align with caller timeout budget
deeptutor/services/llm/provider_core/anthropic_provider.py:578,timeout-wait,90,s,idle_timeout_s,True,True,request,rule:default->request,event = await asyncio.wait_for(,expose as parameter (default = current value); prefer cancellation/notification over fixed waits for long tasks
deeptutor/services/llm/provider_core/anthropic_provider.py:596,timeout-wait,90,s,idle_timeout_s,False,True,request,rule:default->request,response = await asyncio.wait_for(,expose as parameter (default = current value); prefer cancellation/notification over fixed waits for long tasks
deeptutor/services/llm/provider_core/azure_openai_provider.py:222,timeout-wait,90,s,idle_timeout_s,True,True,request,rule:default->request,yield await asyncio.wait_for(,expose as parameter (default = current value); prefer cancellation/notification over fixed waits for long tasks
deeptutor/services/llm/provider_core/base.py:437,sleep-fixed,,s,delay,True,True,request,rule:default->request,await asyncio.sleep(delay),"move to config/env (e.g. <MODULE>_<PURPOSE>_INTERVAL_S), keep current value as default; for poll loops add an upper bound on total wait"
deeptutor/services/llm/provider_core/openai_codex_provider.py:209,timeout-net,60,s,60.0,False,True,request,rule:default->request,"async with httpx.AsyncClient(timeout=60.0, verify=verify) as client:",expose as client/config parameter with layered budgets (connect < read < total); align with caller timeout budget
deeptutor/services/llm/provider_core/openai_compat_provider.py:1131,timeout-wait,90,s,idle_timeout_s,True,True,request,rule:default->request,yield await asyncio.wait_for(,expose as parameter (default = current value); prefer cancellation/notification over fixed waits for long tasks
deeptutor/services/llm/provider_core/openai_compat_provider.py:1223,timeout-wait,90,s,idle_timeout_s,True,True,request,rule:default->request,chunk = await asyncio.wait_for(,expose as parameter (default = current value); prefer cancellation/notification over fixed waits for long tasks
deeptutor/services/llm/traffic_control.py:74,sleep-fixed,,s,wait_time,False,True,request,rule:default->request,await asyncio.sleep(wait_time),"move to config/env (e.g. <MODULE>_<PURPOSE>_INTERVAL_S), keep current value as default; for poll loops add an upper bound on total wait"
deeptutor/services/llm/traffic_control.py:88,timeout-wait,30,s,self.acquisition_timeout,False,True,request,rule:default->request,"await asyncio.wait_for(self._semaphore.acquire(), timeout=self.acquisition_timeout)",expose as parameter (default = current value); prefer cancellation/notification over fixed waits for long tasks
deeptutor/services/llm/usage_ledger.py:55,timeout-lock,5,s,5,False,False,request,rule:default->request,"with closing(sqlite3.connect(path, timeout=5)) as conn, conn:",unify sqlite connect/busy_timeout values into one shared constant/config instead of per-module literals
deeptutor/services/llm/usage_ledger.py:84,timeout-lock,5,s,5,False,False,request,rule:default->request,"with closing(sqlite3.connect(f""{path.as_uri()}?mode=ro"", uri=True, timeout=5)) as conn:",unify sqlite connect/busy_timeout values into one shared constant/config instead of per-module literals
deeptutor/services/llm/usage_ledger.py:159,timeout-lock,5,s,5,False,False,request,rule:default->request,"with closing(sqlite3.connect(f""{path.as_uri()}?mode=ro"", uri=True, timeout=5)) as conn:",unify sqlite connect/busy_timeout values into one shared constant/config instead of per-module literals
deeptutor/services/mastery_hints.py:330,timeout-wait,12,s,_LLM_TIMEOUT,False,True,request,rule:default->request,raw = await asyncio.wait_for(,expose as parameter (default = current value); prefer cancellation/notification over fixed waits for long tasks
deeptutor/services/mcp/manager.py:649,timeout-wait,15,s,_CONNECT_TIMEOUT_S,False,True,request,rule:default->request,"await asyncio.wait_for(ready, timeout=_CONNECT_TIMEOUT_S)",expose as parameter (default = current value); prefer cancellation/notification over fixed waits for long tasks
deeptutor/services/mcp/manager.py:882,timeout-net,60,s,60.0; connect=10.0,False,True,request,rule:default->request,"timeout=httpx.Timeout(60.0, connect=10.0),",expose as client/config parameter with layered budgets (connect < read < total); align with caller timeout budget
deeptutor/services/mcp/manager.py:897,timeout-wait,10,s,10,False,True,request,rule:default->request,"await asyncio.wait_for(conn.task, timeout=10)",expose as parameter (default = current value); prefer cancellation/notification over fixed waits for long tasks
deeptutor/services/mcp/oauth.py:386,timeout-net,30,s,30.0,False,True,request,rule:default->request,"async with httpx.AsyncClient(auth=auth, timeout=30.0) as client:",expose as client/config parameter with layered budgets (connect < read < total); align with caller timeout budget
deeptutor/services/mcp/oauth.py:398,timeout-wait,30,s,30.0,False,True,request,rule:default->request,"return await asyncio.wait_for(url_ready, timeout=30.0)",expose as parameter (default = current value); prefer cancellation/notification over fixed waits for long tasks
deeptutor/services/parsing/engines/docling/remote.py:105,timeout-net,300,s,_SUBMIT_TIMEOUT_SECONDS,False,False,worker,rule:services/parsing->worker,with httpx.Client(,expose as client/config parameter with layered budgets (connect < read < total); align with caller timeout budget
deeptutor/services/parsing/engines/mineru/cloud.py:428,timeout-net,300,s,_UPLOAD_TIMEOUT_SECONDS,False,False,worker,rule:services/parsing->worker,"response = httpx.put(upload_url, content=data, timeout=_UPLOAD_TIMEOUT_SECONDS)",expose as client/config parameter with layered budgets (connect < read < total); align with caller timeout budget
deeptutor/services/parsing/engines/mineru/cloud.py:480,sleep-fixed,,s,poll_interval,True,False,worker,rule:services/parsing->worker,time.sleep(poll_interval),"move to config/env (e.g. <MODULE>_<PURPOSE>_INTERVAL_S), keep current value as default; for poll loops add an upper bound on total wait"
deeptutor/services/parsing/engines/mineru/cloud.py:507,timeout-net,300,s,_DOWNLOAD_TIMEOUT_SECONDS,False,False,worker,rule:services/parsing->worker,"response = httpx.get(zip_url, timeout=_DOWNLOAD_TIMEOUT_SECONDS, follow_redirects=True)",expose as client/config parameter with layered budgets (connect < read < total); align with caller timeout budget
deeptutor/services/parsing/engines/mineru/cloud.py:541,timeout-net,60,s,_SUBMIT_TIMEOUT_SECONDS,False,False,worker,rule:services/parsing->worker,response = request(,expose as client/config parameter with layered budgets (connect < read < total); align with caller timeout budget
deeptutor/services/parsing/engines/mineru/local.py:244,timeout-wait,0.25,s,0.25,True,False,worker,rule:services/parsing->worker,while not watchdog_stop.wait(0.25):,expose as parameter (default = current value); prefer cancellation/notification over fixed waits for long tasks
deeptutor/services/parsing/engines/mineru/local.py:361,timeout-wait,4,s,4,False,False,worker,rule:services/parsing->worker,watchdog.join(timeout=4),expose as parameter (default = current value); prefer cancellation/notification over fixed waits for long tasks
deeptutor/services/parsing/engines/tika/remote.py:102,timeout-net,300,s,_SUBMIT_TIMEOUT_SECONDS,False,False,worker,rule:services/parsing->worker,"with httpx.Client(base_url=base_url, timeout=_SUBMIT_TIMEOUT_SECONDS) as client:",expose as client/config parameter with layered budgets (connect < read < total); align with caller timeout budget
deeptutor/services/partners/channel_onboarding.py:150,timeout-net,15,s,_REQUEST_TIMEOUT_SECONDS,False,False,background,rule:services/partners->background,lambda: httpx.AsyncClient(timeout=_REQUEST_TIMEOUT_SECONDS),expose as client/config parameter with layered budgets (connect < read < total); align with caller timeout budget
deeptutor/services/partners/manager.py:913,timeout-wait,5,s,5.0,False,True,background,rule:services/partners->background,"await asyncio.wait_for(asyncio.shield(task), timeout=5.0)",expose as parameter (default = current value); prefer cancellation/notification over fixed waits for long tasks
deeptutor/services/partners/manager.py:1019,timeout-wait,5,s,5.0,False,True,background,rule:services/partners->background,"await asyncio.wait_for(asyncio.shield(t), timeout=5.0)",expose as parameter (default = current value); prefer cancellation/notification over fixed waits for long tasks
deeptutor/services/partners/runtime_status.py:37,timeout-lock,30,s,30,False,False,background,rule:services/partners->background,"connection = sqlite3.connect(self.path, timeout=30)",unify sqlite connect/busy_timeout values into one shared constant/config instead of per-module literals
deeptutor/services/partners/runtime_status.py:39,timeout-lock,30000,ms,PRAGMA busy_timeout=30000,False,False,background,rule:services/partners->background,"connection.execute(""PRAGMA busy_timeout=30000"")",unify sqlite connect/busy_timeout values into one shared constant/config instead of per-module literals
deeptutor/services/partners/weixin_onboarding.py:146,timeout-net,30,s,30.0; connect=15.0,False,True,background,rule:services/partners->background,"async with httpx.AsyncClient(timeout=httpx.Timeout(30, connect=15)) as client:",expose as client/config parameter with layered budgets (connect < read < total); align with caller timeout budget
deeptutor/services/partners/weixin_onboarding.py:186,timeout-net,30,s,30.0; connect=15.0,False,True,background,rule:services/partners->background,"async with httpx.AsyncClient(timeout=httpx.Timeout(30, connect=15)) as client:",expose as client/config parameter with layered budgets (connect < read < total); align with caller timeout budget
deeptutor/services/partners/weixin_onboarding.py:256,timeout-net,30,s,30.0; connect=15.0,False,True,background,rule:services/partners->background,"async with httpx.AsyncClient(timeout=httpx.Timeout(30, connect=15)) as client:",expose as client/config parameter with layered budgets (connect < read < total); align with caller timeout budget
deeptutor/services/pocketbase_client.py:180,timeout-net,5,s,5.0,False,True,request,rule:default->request,async with httpx.AsyncClient(timeout=5.0) as client:,expose as client/config parameter with layered budgets (connect < read < total); align with caller timeout budget
deeptutor/services/practice/storage.py:106,timeout-lock,30,s,30,False,False,request,rule:default->request,"conn = sqlite3.connect(self.db_path, timeout=30)",unify sqlite connect/busy_timeout values into one shared constant/config instead of per-module literals
deeptutor/services/rag/pipelines/graphrag/engine.py:184,timeout-net,25,s,PROBE_TIMEOUT_SECONDS,False,True,request,rule:default->request,response = await completion.completion_async(,expose as client/config parameter with layered budgets (connect < read < total); align with caller timeout budget
deeptutor/services/rag/pipelines/graphrag/engine.py:268,timeout-net,25,s,PROBE_TIMEOUT_SECONDS,False,True,request,rule:default->request,response = await embedding.embedding_async(,expose as client/config parameter with layered budgets (connect < read < total); align with caller timeout budget
deeptutor/services/rag/pipelines/ima/inventory.py:107,timeout-net,6,s,TIMEOUT_SECONDS,False,False,request,rule:default->request,"client = ImaClient(config, timeout=TIMEOUT_SECONDS)",expose as client/config parameter with layered budgets (connect < read < total); align with caller timeout budget
deeptutor/services/rag/pipelines/kiwix/client.py:229,timeout-net,10,s,10.0,False,False,request,rule:default->request,"timeout=httpx.Timeout(10.0),",expose as client/config parameter with layered budgets (connect < read < total); align with caller timeout budget
deeptutor/services/rag/pipelines/lightrag/config.py:135,sleep-fixed,,s,delay,False,True,request,rule:default->request,await asyncio.sleep(delay),"move to config/env (e.g. <MODULE>_<PURPOSE>_INTERVAL_S), keep current value as default; for poll loops add an upper bound on total wait"
deeptutor/services/rag/pipelines/lightrag/engine.py:359,timeout-net,5,s,5.0,False,True,request,rule:default->request,"result = shutdown(graceful=not cancel_pending, timeout=5.0)",expose as client/config parameter with layered budgets (connect < read < total); align with caller timeout budget
deeptutor/services/rag/pipelines/lightrag/pipeline.py:278,sleep-fixed,0.2,s,self._status_poll_seconds,True,True,request,rule:default->request,await asyncio.sleep(self._status_poll_seconds),"move to config/env (e.g. <MODULE>_<PURPOSE>_INTERVAL_S), keep current value as default; for poll loops add an upper bound on total wait"
deeptutor/services/rag/pipelines/lightrag_server/client.py:55,timeout-net,60,s,self._timeout,False,False,request,rule:default->request,return httpx.AsyncClient(,expose as client/config parameter with layered budgets (connect < read < total); align with caller timeout budget
deeptutor/services/rag/pipelines/llamaindex/pipeline.py:148,timeout-wait,5,s,_INDEX_STALL_POLL_SECONDS,True,True,request,rule:default->request,"done, _ = await asyncio.wait({future}, timeout=_INDEX_STALL_POLL_SECONDS)",expose as parameter (default = current value); prefer cancellation/notification over fixed waits for long tasks
deeptutor/services/rag/pipelines/weknora/client.py:38,timeout-net,60,s,self._timeout,False,False,request,rule:default->request,return httpx.AsyncClient(,expose as client/config parameter with layered budgets (connect < read < total); align with caller timeout budget
deeptutor/services/reading_hints.py:422,timeout-wait,12,s,_LLM_TIMEOUT,False,True,request,rule:default->request,return await asyncio.wait_for(,expose as parameter (default = current value); prefer cancellation/notification over fixed waits for long tasks
deeptutor/services/research/primitives.py:100,sleep-fixed,,s,delay,False,True,request,rule:default->request,await asyncio.sleep(delay),"move to config/env (e.g. <MODULE>_<PURPOSE>_INTERVAL_S), keep current value as default; for poll loops add an upper bound on total wait"
deeptutor/services/research/primitives.py:112,timeout-net,30,s,30.0; connect=10.0,False,False,request,rule:default->request,"lambda: httpx.AsyncClient(timeout=httpx.Timeout(30, connect=10), follow_redirects=False)",expose as client/config parameter with layered budgets (connect < read < total); align with caller timeout budget
deeptutor/services/sandbox/backends.py:110,timeout-net,,s,request.limits.timeout_s + 15; connect=self._connect_timeout_s,False,True,worker,rule:services/sandbox->worker,http_timeout = httpx.Timeout(,expose as client/config parameter with layered budgets (connect < read < total); align with caller timeout budget
deeptutor/services/sandbox/backends.py:131,timeout-net,5,s,self._connect_timeout_s,False,True,worker,rule:services/sandbox->worker,async with httpx.AsyncClient(timeout=self._connect_timeout_s) as client:,expose as client/config parameter with layered budgets (connect < read < total); align with caller timeout budget
deeptutor/services/sandbox/backends.py:474,timeout-wait,5,s,5.0,False,True,worker,rule:services/sandbox->worker,"await asyncio.wait_for(killer.wait(), timeout=5.0)",expose as parameter (default = current value); prefer cancellation/notification over fixed waits for long tasks
deeptutor/services/sandbox/backends.py:500,timeout-wait,5,s,5.0,False,True,worker,rule:services/sandbox->worker,"await asyncio.wait_for(process.wait(), timeout=5.0)",expose as parameter (default = current value); prefer cancellation/notification over fixed waits for long tasks
deeptutor/services/search/source_filter.py:253,timeout-net,8,s,_MODERATION_TIMEOUT_S,False,False,request,rule:default->request,"with urllib.request.urlopen(request, timeout=_MODERATION_TIMEOUT_S) as response:  # nosec B310 - hardcoded https constant URL",expose as client/config parameter with layered budgets (connect < read < total); align with caller timeout budget
deeptutor/services/search/source_filter.py:271,timeout-net,5,s,_WEB_RISK_TIMEOUT_S,False,False,request,rule:default->request,"with urllib.request.urlopen(request, timeout=_WEB_RISK_TIMEOUT_S) as response:  # nosec B310 - hardcoded https constant URL",expose as client/config parameter with layered budgets (connect < read < total); align with caller timeout budget
deeptutor/services/search/source_filter.py:313,timeout-wait,5.5,s,_WEB_RISK_BATCH_TIMEOUT_S,False,False,request,rule:default->request,"done, _ = wait(set(futures.values()), timeout=_WEB_RISK_BATCH_TIMEOUT_S)",expose as parameter (default = current value); prefer cancellation/notification over fixed waits for long tasks
deeptutor/services/session/sqlite_store.py:1126,timeout-lock,30,s,30.0,False,False,request,rule:default->request,"conn = sqlite3.connect(self.db_path, timeout=30.0)",unify sqlite connect/busy_timeout values into one shared constant/config instead of per-module literals
deeptutor/services/session/sqlite_store.py:1129,timeout-lock,30000,ms,PRAGMA busy_timeout = 30000,False,False,request,rule:default->request,"conn.execute(""PRAGMA busy_timeout = 30000"")",unify sqlite connect/busy_timeout values into one shared constant/config instead of per-module literals
deeptutor/services/session/turns/lifecycle.py:294,sleep-fixed,0.1,s,0.1,True,True,request,rule:default->request,await asyncio.sleep(0.1),"move to config/env (e.g. <MODULE>_<PURPOSE>_INTERVAL_S), keep current value as default; for poll loops add an upper bound on total wait"
deeptutor/services/session/turns/lifecycle.py:446,timeout-wait,5,s,_SUBSCRIPTION_POLL_SECONDS,True,True,request,rule:default->request,"item = await asyncio.wait_for(queue.get(), timeout=_SUBSCRIPTION_POLL_SECONDS)",expose as parameter (default = current value); prefer cancellation/notification over fixed waits for long tasks
deeptutor/services/session/turns/title_service.py:122,timeout-wait,20,s,20.0,False,True,request,rule:default->request,"raw_title = await asyncio.wait_for(_collect_title(), timeout=20.0)",expose as parameter (default = current value); prefer cancellation/notification over fixed waits for long tasks
deeptutor/services/settings/provider_probe.py:153,timeout-wait,25,s,25,False,True,request,rule:default->request,response = await asyncio.wait_for(,expose as parameter (default = current value); prefer cancellation/notification over fixed waits for long tasks
deeptutor/services/settings/provider_probe.py:242,timeout-net,20,s,total=20.0,False,True,request,rule:default->request,"timeout=aiohttp.ClientTimeout(total=20),",expose as client/config parameter with layered budgets (connect < read < total); align with caller timeout budget
deeptutor/services/settings/service_preview.py:139,timeout-wait,10,s,10,True,True,request,rule:default->request,"done, _ = await asyncio.wait(",expose as parameter (default = current value); prefer cancellation/notification over fixed waits for long tasks
deeptutor/services/skill/hub.py:285,timeout-net,30,s,_HTTP_TIMEOUT,False,False,request,rule:default->request,"self._client = client or httpx.Client(timeout=_HTTP_TIMEOUT, follow_redirects=True)",expose as client/config parameter with layered budgets (connect < read < total); align with caller timeout budget
deeptutor/services/storage/file_library.py:116,timeout-lock,30,s,30.0,False,False,request,rule:default->request,"conn = sqlite3.connect(str(self._db_path), timeout=30.0)",unify sqlite connect/busy_timeout values into one shared constant/config instead of per-module literals
deeptutor/services/subagent/claude_models.py:188,sleep-fixed,0.3,s,0.3,True,False,worker,rule:services/subagent->worker,time.sleep(0.3),"move to config/env (e.g. <MODULE>_<PURPOSE>_INTERVAL_S), keep current value as default; for poll loops add an upper bound on total wait"
deeptutor/services/subagent/claude_models.py:191,sleep-fixed,1.3,s,1.3,True,False,worker,rule:services/subagent->worker,time.sleep(1.3),"move to config/env (e.g. <MODULE>_<PURPOSE>_INTERVAL_S), keep current value as default; for poll loops add an upper bound on total wait"
deeptutor/services/subagent/claude_models.py:200,sleep-fixed,0.5,s,0.5,True,False,worker,rule:services/subagent->worker,time.sleep(0.5),"move to config/env (e.g. <MODULE>_<PURPOSE>_INTERVAL_S), keep current value as default; for poll loops add an upper bound on total wait"
deeptutor/services/subagent/claude_models.py:203,sleep-fixed,1.5,s,1.5,True,False,worker,rule:services/subagent->worker,time.sleep(1.5),"move to config/env (e.g. <MODULE>_<PURPOSE>_INTERVAL_S), keep current value as default; for poll loops add an upper bound on total wait"
deeptutor/services/subagent/hermes_remote_client.py:13,timeout-net,,s,connect=10.0; read=30.0; write=30.0; pool=10.0,False,False,worker,rule:services/subagent->worker,"_REQUEST_TIMEOUT = httpx.Timeout(connect=10.0, read=30.0, write=30.0, pool=10.0)",expose as client/config parameter with layered budgets (connect < read < total); align with caller timeout budget
deeptutor/services/subagent/hermes_remote_client.py:14,timeout-net,,s,connect=10.0; read=None; write=30.0; pool=10.0,False,False,worker,rule:services/subagent->worker,"_STREAM_TIMEOUT = httpx.Timeout(connect=10.0, read=None, write=30.0, pool=10.0)",expose as client/config parameter with layered budgets (connect < read < total); align with caller timeout budget
deeptutor/services/subagent/opencode_family.py:70,timeout-net,,s,connect=10.0; read=None; write=60.0; pool=10.0,False,False,worker,rule:services/subagent->worker,"_HTTP_TIMEOUT = httpx.Timeout(connect=10.0, read=None, write=60.0, pool=10.0)",expose as client/config parameter with layered budgets (connect < read < total); align with caller timeout budget
deeptutor/services/subagent/opencode_family.py:94,timeout-net,15,s,_PROBE_TIMEOUT_SECONDS,False,True,worker,rule:services/subagent->worker,"ok, text = await probe_version(",expose as client/config parameter with layered budgets (connect < read < total); align with caller timeout budget
deeptutor/services/subagent/opencode_family.py:166,timeout-net,5,s,5.0,False,True,worker,rule:services/subagent->worker,"with_abort = client.post(f""/session/{sid}/abort"", timeout=5.0)",expose as client/config parameter with layered budgets (connect < read < total); align with caller timeout budget
deeptutor/services/subagent/opencode_family.py:363,timeout-net,10,s,10.0,False,True,worker,rule:services/subagent->worker,await client.post(,expose as client/config parameter with layered budgets (connect < read < total); align with caller timeout budget
deeptutor/services/subagent/opencode_family.py:393,timeout-wait,15,s,_ATTACH_TIMEOUT_SECONDS,False,True,worker,rule:services/subagent->worker,"done, _ = await asyncio.wait(",expose as parameter (default = current value); prefer cancellation/notification over fixed waits for long tasks
deeptutor/services/subagent/opencode_server.py:146,timeout-net,2,s,2.0,True,True,worker,rule:services/subagent->worker,"await client.get(""/doc"", timeout=2.0)",expose as client/config parameter with layered budgets (connect < read < total); align with caller timeout budget
deeptutor/services/subagent/opencode_server.py:151,sleep-fixed,0.3,s,_READY_POLL_SECONDS,True,True,worker,rule:services/subagent->worker,await asyncio.sleep(_READY_POLL_SECONDS),"move to config/env (e.g. <MODULE>_<PURPOSE>_INTERVAL_S), keep current value as default; for poll loops add an upper bound on total wait"
deeptutor/services/subagent/opencode_server.py:189,timeout-wait,5,s,_TERMINATE_GRACE_SECONDS,False,True,worker,rule:services/subagent->worker,"await asyncio.wait_for(handle.process.wait(), timeout=_TERMINATE_GRACE_SECONDS)",expose as parameter (default = current value); prefer cancellation/notification over fixed waits for long tasks
deeptutor/services/subagent/partner_group.py:88,sleep-fixed,0.25,s,0.25,True,True,worker,rule:services/subagent->worker,await asyncio.sleep(0.25),"move to config/env (e.g. <MODULE>_<PURPOSE>_INTERVAL_S), keep current value as default; for poll loops add an upper bound on total wait"
deeptutor/services/subagent/process.py:131,timeout-wait,5,s,_TERMINATE_GRACE_SECONDS,False,True,worker,rule:services/subagent->worker,"await asyncio.wait_for(process.wait(), timeout=_TERMINATE_GRACE_SECONDS)",expose as parameter (default = current value); prefer cancellation/notification over fixed waits for long tasks
deeptutor/services/suggestions.py:563,timeout-wait,25,s,_LLM_TIMEOUT,False,True,request,rule:default->request,raw = await asyncio.wait_for(,expose as parameter (default = current value); prefer cancellation/notification over fixed waits for long tasks
deeptutor/services/suggestions.py:658,timeout-wait,35,s,_REFRESH_TIMEOUT,False,True,request,rule:default->request,"return await asyncio.wait_for(generate(), timeout=_REFRESH_TIMEOUT)",expose as parameter (default = current value); prefer cancellation/notification over fixed waits for long tasks
deeptutor/services/task_board.py:104,timeout-lock,10,s,10,False,False,request,rule:default->request,"connection = sqlite3.connect(self.path, timeout=10)",unify sqlite connect/busy_timeout values into one shared constant/config instead of per-module literals
deeptutor/services/task_board.py:193,timeout-lock,10,s,10,False,False,request,rule:default->request,"with closing(sqlite3.connect(self.path, timeout=10)) as connection:",unify sqlite connect/busy_timeout values into one shared constant/config instead of per-module literals
deeptutor/services/videogen/adapters/async_task.py:121,sleep-fixed,,s,config.poll_interval,True,True,worker,rule:services/videogen->worker,await asyncio.sleep(config.poll_interval),"move to config/env (e.g. <MODULE>_<PURPOSE>_INTERVAL_S), keep current value as default; for poll loops add an upper bound on total wait"
deeptutor/services/videogen/adapters/dashscope.py:232,sleep-fixed,,s,config.poll_interval,True,True,worker,rule:services/videogen->worker,await asyncio.sleep(config.poll_interval),"move to config/env (e.g. <MODULE>_<PURPOSE>_INTERVAL_S), keep current value as default; for poll loops add an upper bound on total wait"
deeptutor/services/voice/adapters/dashscope.py:264,timeout-net,,s,total=config.request_timeout,False,True,request,rule:default->request,timeout = aiohttp.ClientTimeout(total=config.request_timeout),expose as client/config parameter with layered budgets (connect < read < total); align with caller timeout budget
deeptutor/services/voice/audio.py:68,timeout-wait,60,s,60,False,True,request,rule:default->request,"_, stderr = await asyncio.wait_for(process.communicate(), timeout=60)",expose as parameter (default = current value); prefer cancellation/notification over fixed waits for long tasks
deeptutor/services/voice/discovery.py:107,timeout-net,10,s,10,False,True,request,rule:default->request,"httpx.AsyncClient(timeout=10, follow_redirects=False) as client,",expose as client/config parameter with layered budgets (connect < read < total); align with caller timeout budget
deeptutor/services/web_source/crawler.py:256,sleep-fixed,,s,backoff,True,True,background,rule:services/web_source->background,await asyncio.sleep(backoff),"move to config/env (e.g. <MODULE>_<PURPOSE>_INTERVAL_S), keep current value as default; for poll loops add an upper bound on total wait"
deeptutor/services/web_source/crawler.py:276,sleep-fixed,,s,backoff,True,True,background,rule:services/web_source->background,await asyncio.sleep(backoff),"move to config/env (e.g. <MODULE>_<PURPOSE>_INTERVAL_S), keep current value as default; for poll loops add an upper bound on total wait"
deeptutor/services/web_source/repository.py:121,timeout-lock,30,s,30,False,False,background,rule:services/web_source->background,"connection = sqlite3.connect(self.path, timeout=30, isolation_level=None)",unify sqlite connect/busy_timeout values into one shared constant/config instead of per-module literals
deeptutor/services/web_source/repository.py:123,timeout-lock,30000,ms,PRAGMA busy_timeout=30000,False,False,background,rule:services/web_source->background,"connection.execute(""PRAGMA busy_timeout=30000"")",unify sqlite connect/busy_timeout values into one shared constant/config instead of per-module literals
deeptutor/services/web_source/robots.py:132,sleep-fixed,,s,wait,False,True,background,rule:services/web_source->background,await asyncio.sleep(wait),"move to config/env (e.g. <MODULE>_<PURPOSE>_INTERVAL_S), keep current value as default; for poll loops add an upper bound on total wait"
deeptutor/services/web_source/scheduler.py:116,sleep-fixed,,s,self._check_interval_s,True,True,background,rule:services/web_source->background,await asyncio.sleep(self._check_interval_s),"move to config/env (e.g. <MODULE>_<PURPOSE>_INTERVAL_S), keep current value as default; for poll loops add an upper bound on total wait"
deeptutor/services/web_source/scheduler.py:273,sleep-fixed,20,s,WEB_SYNC_LEASE_RENEW_SECONDS,True,True,background,rule:services/web_source->background,await asyncio.sleep(WEB_SYNC_LEASE_RENEW_SECONDS),"move to config/env (e.g. <MODULE>_<PURPOSE>_INTERVAL_S), keep current value as default; for poll loops add an upper bound on total wait"
deeptutor/services/workspace/activity.py:18,timeout-lock,0,s,0,False,False,request,rule:default->request,handle = sqlite3.connect(,unify sqlite connect/busy_timeout values into one shared constant/config instead of per-module literals
deeptutor/services/workspace/catalog.py:88,timeout-lock,30,s,30,False,False,request,rule:default->request,"conn = sqlite3.connect(path, timeout=30)",unify sqlite connect/busy_timeout values into one shared constant/config instead of per-module literals
deeptutor/services/workspace/session_transfer.py:29,timeout-lock,30,s,30,False,False,request,rule:default->request,"conn = sqlite3.connect(source, timeout=30)",unify sqlite connect/busy_timeout values into one shared constant/config instead of per-module literals
deeptutor/tools/builtin/__init__.py:831,timeout-wait,240,s,self._VISION_ANALYSIS_TIMEOUT_S,False,True,request,rule:default->request,result = await asyncio.wait_for(,expose as parameter (default = current value); prefer cancellation/notification over fixed waits for long tasks
deeptutor/tools/paper_search_tool.py:85,timeout-wait,30,s,_REQUEST_TIMEOUT_S,False,True,request,rule:default->request,results = await asyncio.wait_for(,expose as parameter (default = current value); prefer cancellation/notification over fixed waits for long tasks
deeptutor/tools/paper_search_tool.py:97,sleep-fixed,3,s,_RETRY_DELAY_S,False,True,request,rule:default->request,await asyncio.sleep(_RETRY_DELAY_S),"move to config/env (e.g. <MODULE>_<PURPOSE>_INTERVAL_S), keep current value as default; for poll loops add an upper bound on total wait"
deeptutor/tools/paper_search_tool.py:99,timeout-wait,30,s,_REQUEST_TIMEOUT_S,False,True,request,rule:default->request,results = await asyncio.wait_for(,expose as parameter (default = current value); prefer cancellation/notification over fixed waits for long tasks
deeptutor/tools/tex_downloader.py:83,timeout-net,30,s,30,False,False,request,rule:default->request,"response = requests.get(source_url, timeout=30)",expose as client/config parameter with layered budgets (connect < read < total); align with caller timeout budget
deeptutor/tools/vision/image_utils.py:79,timeout-net,30,s,REQUEST_TIMEOUT,False,True,request,rule:default->request,"async with httpx.AsyncClient(timeout=REQUEST_TIMEOUT, follow_redirects=True) as client:",expose as client/config parameter with layered budgets (connect < read < total); align with caller timeout budget
deeptutor/tools/zotero_search.py:18,timeout-net,15,s,15.0; connect=5.0,False,False,request,rule:default->request,"REQUEST_TIMEOUT_S = httpx.Timeout(15.0, connect=5.0)",expose as client/config parameter with layered budgets (connect < read < total); align with caller timeout budget
deeptutor/video_learning/invidious_account_client.py:22,timeout-net,15,s,15.0,False,True,request,rule:default->request,"async with httpx.AsyncClient(timeout=15.0, follow_redirects=False) as client:",expose as client/config parameter with layered budgets (connect < read < total); align with caller timeout budget
deeptutor/video_learning/invidious_account_client.py:45,timeout-net,15,s,15.0,False,True,request,rule:default->request,"async with httpx.AsyncClient(timeout=15.0, follow_redirects=False) as client:",expose as client/config parameter with layered budgets (connect < read < total); align with caller timeout budget
deeptutor/video_learning/invidious_account_client.py:70,timeout-net,20,s,20.0,False,True,request,rule:default->request,"async with httpx.AsyncClient(timeout=20.0, follow_redirects=False) as client:",expose as client/config parameter with layered budgets (connect < read < total); align with caller timeout budget
deeptutor/video_learning/service.py:452,timeout-net,8,s,8.0,False,True,request,rule:default->request,"async with httpx.AsyncClient(timeout=8.0, follow_redirects=False) as client:",expose as client/config parameter with layered budgets (connect < read < total); align with caller timeout budget
deeptutor/video_learning/service.py:554,timeout-net,15,s,15.0,False,True,request,rule:default->request,"async with httpx.AsyncClient(timeout=15.0, follow_redirects=False) as client:",expose as client/config parameter with layered budgets (connect < read < total); align with caller timeout budget
deeptutor/video_learning/service.py:604,timeout-net,15,s,15.0,False,True,request,rule:default->request,"async with httpx.AsyncClient(timeout=15.0, follow_redirects=False) as client:",expose as client/config parameter with layered budgets (connect < read < total); align with caller timeout budget
deeptutor/video_learning/service.py:757,timeout-net,15,s,15.0,False,True,request,rule:default->request,"async with httpx.AsyncClient(timeout=15.0, follow_redirects=False) as client:",expose as client/config parameter with layered budgets (connect < read < total); align with caller timeout budget
deeptutor/video_learning/service.py:829,timeout-net,8,s,8.0,False,True,request,rule:default->request,"async with httpx.AsyncClient(timeout=8.0, follow_redirects=False) as client:",expose as client/config parameter with layered budgets (connect < read < total); align with caller timeout budget
deeptutor_cli/init_wizard.py:643,timeout-net,5,s,5.0,False,False,cli,rule:deeptutor_cli->cli,with httpx.Client(timeout=5.0) as client:,expose as client/config parameter with layered budgets (connect < read < total); align with caller timeout budget
deeptutor_cli/init_wizard.py:766,timeout-net,5,s,5.0,False,False,cli,rule:deeptutor_cli->cli,with httpx.Client(timeout=5.0) as client:,expose as client/config parameter with layered budgets (connect < read < total); align with caller timeout budget
deeptutor_cli/init_wizard.py:890,timeout-net,15,s,15.0,False,False,cli,rule:deeptutor_cli->cli,with httpx.Client(timeout=15.0) as client:,expose as client/config parameter with layered budgets (connect < read < total); align with caller timeout budget
deeptutor_cli/init_wizard.py:950,timeout-net,15,s,15.0,False,False,cli,rule:deeptutor_cli->cli,with httpx.Client(timeout=15.0) as client:,expose as client/config parameter with layered budgets (connect < read < total); align with caller timeout budget
deeptutor_cli/provider_cmd.py:76,sleep-fixed,0.5,s,0.5,True,True,cli,rule:deeptutor_cli->cli,await asyncio.sleep(0.5),"move to config/env (e.g. <MODULE>_<PURPOSE>_INTERVAL_S), keep current value as default; for poll loops add an upper bound on total wait"
deeptutor_cli/provider_cmd.py:152,timeout-net,300,s,300.0,False,True,cli,rule:deeptutor_cli->cli,auth = await authenticate(timeout=300.0),expose as client/config parameter with layered budgets (connect < read < total); align with caller timeout budget
scripts/export_discord_history.py:206,timeout-net,30,s,30.0,False,False,cli,rule:scripts->cli,self.client = client or httpx.Client(,expose as client/config parameter with layered budgets (connect < read < total); align with caller timeout budget
